Character,Image_URL
3-D Man,https://upload.wikimedia.org/wikipedia/en/thumb/9/91/MarvelPremiere35_3DMan.jpg/220px-MarvelPremiere35_3DMan.jpg
Abe Sapien,https://upload.wikimedia.org/wikipedia/en/1/1c/AbeSapien.jpg
Abin Sur,https://upload.wikimedia.org/wikipedia/en/thumb/2/26/Abin_Sur.png/220px-Abin_Sur.png
Absorbing Man,https://upload.wikimedia.org/wikipedia/en/thumb/e/e3/Thor-376.jpg/220px-Thor-376.jpg
Adam Strange,https://upload.wikimedia.org/wikipedia/en/8/8d/Adam_Strange.png
Agent Zero,https://upload.wikimedia.org/wikipedia/en/thumb/7/76/WEAPON_X_3.jpg/220px-WEAPON_X_3.jpg
Air-Walker,https://upload.wikimedia.org/wikipedia/en/thumb/3/34/Thor-305.jpg/220px-Thor-305.jpg
Ajax,https://static.wikia.nocookie.net/marvel_dc/images/f/f5/Wonder_Man_001.jpg/revision/latest/scale-to-width-down/168?cb=20200609222729
Alan Scott,https://upload.wikimedia.org/wikipedia/en/thumb/1/1a/Green_Lantern_%28Alan_Scott%29.png/220px-Green_Lantern_%28Alan_Scott%29.png
Alien,https://static.wikia.nocookie.net/marvel_dc/images/f/fc/DC_Rebirth_Logo.png/revision/latest/scale-to-width-down/40?cb=20160517164738
Allan Quatermain,https://upload.wikimedia.org/wikipedia/commons/thumb/d/d9/Allan_Quatermain.jpg/200px-Allan_Quatermain.jpg
Amazo,https://upload.wikimedia.org/wikipedia/en/7/76/Amazo.png
Angel,https://static.wikia.nocookie.net/marvel_dc/images/7/72/Action_Comics_Vol_2_14_Textless.jpg/revision/latest/scale-to-width-down/330?cb=20121108205301
Angel Salvadore,https://upload.wikimedia.org/wikipedia/en/thumb/9/9c/TempestAngelSalvadore.jpg/220px-TempestAngelSalvadore.jpg
Animal Man,https://upload.wikimedia.org/wikipedia/en/2/2c/Animal_Man_%28Bernhard_%22Buddy%22_Baker%29.png
Annihilus,https://upload.wikimedia.org/wikipedia/en/thumb/3/30/Annihilus.png/220px-Annihilus.png
Ant-Man,https://upload.wikimedia.org/wikipedia/en/thumb/6/6b/Irredeemable_Ant-Man_Vol_1_5_Textless.jpg/220px-Irredeemable_Ant-Man_Vol_1_5_Textless.jpg
Ant-Man II,https://upload.wikimedia.org/wikipedia/en/thumb/3/38/Ant-Man_%28Scott_Lang%29.jpg/220px-Ant-Man_%28Scott_Lang%29.jpg
Anti-Monitor,https://upload.wikimedia.org/wikipedia/en/thumb/0/0f/Anti-Monitor_%28Ivan_Reis%27s_art%29.png/220px-Anti-Monitor_%28Ivan_Reis%27s_art%29.png
Anti-Venom,https://upload.wikimedia.org/wikipedia/en/thumb/7/7d/Anti-Venom.jpg/220px-Anti-Venom.jpg
Apocalypse,https://static.wikia.nocookie.net/marvel_dc/images/d/d9/Apokolips_006.jpg/revision/latest/scale-to-width-down/125?cb=20070510180426
Aquababy,https://static.wikia.nocookie.net/marvel_dc/images/6/60/Aquababy_001.jpg/revision/latest/scale-to-width-down/350?cb=20110827162734
Aqualad,https://static.wikia.nocookie.net/marvel_dc/images/d/df/Aquaman_The_Becoming_Vol_1_1_Textless_Manapul_Variant.jpg/revision/latest/scale-to-width-down/323?cb=20210922053517
Aquaman,https://upload.wikimedia.org/wikipedia/en/thumb/9/9d/Aquaman_Rebirth_1.png/220px-Aquaman_Rebirth_1.png
Arachne,https://upload.wikimedia.org/wikipedia/commons/thumb/9/9c/Ren%C3%A9-Antoine_Houasse_-_Minerve_et_Arachne_%28Versailles%29.jpg/220px-Ren%C3%A9-Antoine_Houasse_-_Minerve_et_Arachne_%28Versailles%29.jpg
Arclight,https://static.wikia.nocookie.net/marvel_dc/images/6/61/Arclight_001.jpg/revision/latest/scale-to-width-down/185?cb=20120823185938
Ares,https://upload.wikimedia.org/wikipedia/commons/thumb/7/75/Ares_Canope_Villa_Adriana_b.jpg/220px-Ares_Canope_Villa_Adriana_b.jpg
Ariel,https://static.wikia.nocookie.net/marvel_dc/images/0/0a/Ariel.png/revision/latest/scale-to-width-down/350?cb=20110501185255
Astro Boy,https://upload.wikimedia.org/wikipedia/en/thumb/a/a6/Astro_Boy-08.jpg/220px-Astro_Boy-08.jpg
Atlas,https://static.wikia.nocookie.net/marvel_dc/images/d/d9/Atlas_Prime_Earth_0001.jpg/revision/latest/scale-to-width-down/350?cb=20170719230600
Atom,https://upload.wikimedia.org/wikipedia/commons/thumb/2/23/Helium_atom_QM.svg/300px-Helium_atom_QM.svg.png
Atom Girl,https://upload.wikimedia.org/wikipedia/en/thumb/7/72/Violet_001.webp/220px-Violet_001.webp.png
Aurora,https://static.wikia.nocookie.net/marvel_dc/images/e/ef/Aurora_%28Prime_Earth%29_0001.png/revision/latest/scale-to-width-down/284?cb=20210111202303
Azazel,https://static.wikia.nocookie.net/marvel_dc/images/d/de/Azazel.jpg/revision/latest?cb=20110415114833
Azrael,https://upload.wikimedia.org/wikipedia/commons/thumb/0/02/Evelyn_De_Morgan_-_Angel_of_Death.jpg/250px-Evelyn_De_Morgan_-_Angel_of_Death.jpg
Aztar,https://upload.wikimedia.org/wikipedia/commons/thumb/b/b0/Aztar_Corporation_logo.jpg/220px-Aztar_Corporation_logo.jpg
Bananaman,https://upload.wikimedia.org/wikipedia/en/thumb/a/ae/Bananaman_-_Beano_Superhero.jpg/250px-Bananaman_-_Beano_Superhero.jpg
Bane,https://static.wikia.nocookie.net/marvel_dc/images/a/ab/Batman_The_Dark_Knight_Vol_2_6_Textless.jpg/revision/latest/scale-to-width-down/325?cb=20131026211303
Banshee,https://static.wikia.nocookie.net/marvel_dc/images/a/a0/Banshees_001.jpg/revision/latest/scale-to-width-down/350?cb=20230516191720
Batgirl,https://upload.wikimedia.org/wikipedia/en/thumb/3/3a/Batgirls1variant.jpeg/220px-Batgirls1variant.jpeg
Batman,https://upload.wikimedia.org/wikipedia/en/thumb/c/c7/Batman_Infobox.jpg/220px-Batman_Infobox.jpg
Batman II,https://static.wikia.nocookie.net/marvel_dc/images/7/76/Batman_Urban_Legends_Vol_1_5_Textless.jpg/revision/latest/scale-to-width-down/329?cb=20210717062920
Beast,https://static.wikia.nocookie.net/marvel_dc/images/1/10/Beast_Hellblazer_0001.jpg/revision/latest/scale-to-width-down/350?cb=20160515102847
Beast Boy,https://upload.wikimedia.org/wikipedia/en/thumb/0/09/Beast_Boy_%28DC_Rebirth_version%29.jpg/220px-Beast_Boy_%28DC_Rebirth_version%29.jpg
Ben 10,https://upload.wikimedia.org/wikipedia/commons/6/6f/Ben_10_reboot_logo.png
Beta Ray Bill,https://upload.wikimedia.org/wikipedia/en/thumb/b/bf/Beta_Ray_Bill.jpg/220px-Beta_Ray_Bill.jpg
Beyonder,https://upload.wikimedia.org/wikipedia/en/thumb/8/85/SecretwarsII3.png/250px-SecretwarsII3.png
Big Barda,https://static.wikia.nocookie.net/marvel_dc/images/6/62/Female_Furies_Vol_1_1_Textless_Variant.jpg/revision/latest/scale-to-width-down/333?cb=20190208153338
Big Daddy,https://static.wikia.nocookie.net/marvel_dc/images/9/92/Web_Impact_002.jpg/revision/latest/scale-to-width-down/333?cb=20100928195548
Big Man,https://static.wikia.nocookie.net/marvel_dc/images/8/80/Sweet_Tooth_Vol_1_6_Textless.jpg/revision/latest/scale-to-width-down/121?cb=20150519213030
Birdman,https://static.wikia.nocookie.net/marvel_dc/images/1/1c/Bird-Man_001.jpg/revision/latest/scale-to-width-down/346?cb=20140324130023
Bishop,https://static.wikia.nocookie.net/marvel_dc/images/5/58/Bishop_Arrowverse_0001.png/revision/latest/scale-to-width-down/350?cb=20210619055510
Bizarro,https://upload.wikimedia.org/wikipedia/en/thumb/f/f2/Bizarro.png/220px-Bizarro.png
Bizarro-Girl,https://static.wikia.nocookie.net/marvel_dc/images/6/63/Bizarro-Girl_001.jpg/revision/latest/scale-to-width-down/332?cb=20110926172046
Black Adam,https://upload.wikimedia.org/wikipedia/en/thumb/1/1e/Blackadam52.PNG/220px-Blackadam52.PNG
Black Bolt,https://upload.wikimedia.org/wikipedia/en/thumb/4/4e/WarofKings-5.jpg/220px-WarofKings-5.jpg
Black Canary,https://upload.wikimedia.org/wikipedia/en/thumb/6/6b/Black_Canary_%28circa_2015%29.png/220px-Black_Canary_%28circa_2015%29.png
Black Cat,https://static.wikia.nocookie.net/marvel_dc/images/c/c2/Black_Cat_001.jpg/revision/latest/scale-to-width-down/192?cb=20200619171006
Black Flash,https://upload.wikimedia.org/wikipedia/en/thumb/1/14/Black_Flash.png/220px-Black_Flash.png
Black Lightning,https://upload.wikimedia.org/wikipedia/en/thumb/c/c2/Black_Lightning_%28DC_Rebirth_version%29.png/220px-Black_Lightning_%28DC_Rebirth_version%29.png
Black Mamba,https://upload.wikimedia.org/wikipedia/commons/thumb/7/76/Dendroaspis_polylepis_%2814%29.jpg/220px-Dendroaspis_polylepis_%2814%29.jpg
Black Manta,https://upload.wikimedia.org/wikipedia/en/thumb/5/5f/Black_Manta_Aquaman.webp/220px-Black_Manta_Aquaman.webp.png
Black Vulcan,https://upload.wikimedia.org/wikipedia/en/thumb/5/57/Black_vulcan.jpg/220px-Black_vulcan.jpg
Black Widow,https://static.wikia.nocookie.net/marvel_dc/images/0/0e/Black_Widow_Batman_1966_TV_Series_0001.jpg/revision/latest/scale-to-width-down/350?cb=20191126174632
Blackout,https://static.wikia.nocookie.net/marvel_dc/images/4/42/Blackout_0001.JPG/revision/latest/scale-to-width-down/286?cb=20131228210431
Blackwing,https://static.wikia.nocookie.net/marvel_dc/images/a/ad/Blackwing_001.png/revision/latest/scale-to-width-down/350?cb=20110208223126
Blackwulf,https://upload.wikimedia.org/wikipedia/en/thumb/6/6b/Blackwulf1_HCV.jpg/200px-Blackwulf1_HCV.jpg
Blade,https://static.wikia.nocookie.net/marvel_dc/images/5/50/Blade_Dial_H.png/revision/latest/scale-to-width-down/103?cb=20110415184131
Blink,https://static.wikia.nocookie.net/marvel_dc/images/e/e6/Batman_Legends_of_the_Dark_Knight_Vol_1_164_Textless.jpg/revision/latest/scale-to-width-down/123?cb=20150521174542
Blizzard,https://upload.wikimedia.org/wikipedia/commons/thumb/6/61/Blizzard3_-_NOAA.jpg/220px-Blizzard3_-_NOAA.jpg
Blob,https://static.wikia.nocookie.net/marvel_dc/images/6/6e/Daniel_Stone_01.jpg/revision/latest/scale-to-width-down/350?cb=20110216063524
Bloodhawk,https://upload.wikimedia.org/wikipedia/en/thumb/f/fb/Wot6.jpg/250px-Wot6.jpg
Blue Beetle,https://upload.wikimedia.org/wikipedia/en/thumb/4/49/BlueBeetles.PNG/220px-BlueBeetles.PNG
Blue Streak,https://static.wikia.nocookie.net/marvel_dc/images/f/fc/Max_Mercury_0002.jpg/revision/latest/scale-to-width-down/330?cb=20121011080416
Boba Fett,https://upload.wikimedia.org/wikipedia/en/thumb/3/3e/FettbobaJB.png/220px-FettbobaJB.png
Bomb Queen,https://upload.wikimedia.org/wikipedia/en/thumb/0/09/Bomb_queen.jpg/220px-Bomb_queen.jpg
Booster Gold,https://upload.wikimedia.org/wikipedia/en/thumb/8/86/Booster_Gold_%28circa_1988%29.png/220px-Booster_Gold_%28circa_1988%29.png
Brainiac,https://static.wikia.nocookie.net/marvel_dc/images/c/c0/Justice_League_Vol_4_18_Textless.jpg/revision/latest/scale-to-width-down/325?cb=20190225002124
Brainiac 5,https://upload.wikimedia.org/wikipedia/en/thumb/8/8f/Brianiac_5_%28Post-Infinite_Crisis_version%29.jpg/220px-Brianiac_5_%28Post-Infinite_Crisis_version%29.jpg
Brother Voodoo,https://upload.wikimedia.org/wikipedia/en/thumb/1/1a/BrotherVoodoo.png/220px-BrotherVoodoo.png
Bumblebee,https://upload.wikimedia.org/wikipedia/commons/thumb/c/c4/Bombus_lapidarius_-_Melilotus_officinalis_-_Tallinn.jpg/220px-Bombus_lapidarius_-_Melilotus_officinalis_-_Tallinn.jpg
Bushido,https://static.wikia.nocookie.net/marvel_dc/images/5/5a/Bushido.jpg/revision/latest/scale-to-width-down/89?cb=20130710150841
Callisto,https://static.wikia.nocookie.net/marvel_dc/images/b/bc/Callisto_001.jpg/revision/latest/scale-to-width-down/350?cb=20130924182009
Cannonball,https://static.wikia.nocookie.net/marvel_dc/images/7/7c/Cannon_Ball_Earth-One.jpg/revision/latest/scale-to-width-down/185?cb=20120826115733
Captain America,https://upload.wikimedia.org/wikipedia/en/thumb/b/bf/CaptainAmericaHughes.jpg/220px-CaptainAmericaHughes.jpg
Captain Atom,https://upload.wikimedia.org/wikipedia/en/thumb/f/fe/Captain_Atom_%28Nathaniel_Christopher_Adam%29.png/220px-Captain_Atom_%28Nathaniel_Christopher_Adam%29.png
Captain Britain,https://upload.wikimedia.org/wikipedia/en/thumb/5/59/Excalibur_%28Vol._4%29_No._14_%28Sauz_Textless_Variant%29.png/250px-Excalibur_%28Vol._4%29_No._14_%28Sauz_Textless_Variant%29.png
Captain Cold,https://upload.wikimedia.org/wikipedia/en/thumb/b/bf/Flash182.jpg/220px-Flash182.jpg
Captain Marvel,https://static.wikia.nocookie.net/marvel_dc/images/0/0e/Shazam%21_Vol_5_1_Textless_Shaner_Variant.jpg/revision/latest/scale-to-width-down/329?cb=20230503165640
Captain Marvel II,https://static.wikia.nocookie.net/marvel_dc/images/4/44/Shazam_Freddy.jpg/revision/latest/scale-to-width-down/325?cb=20101017202055
Captain Midnight,https://upload.wikimedia.org/wikipedia/commons/thumb/2/22/Richard_Webb_as_Captain_Midnight_1954.JPG/250px-Richard_Webb_as_Captain_Midnight_1954.JPG
Captain Planet,https://upload.wikimedia.org/wikipedia/en/thumb/1/1e/Captain_Planet_and_the_Planeteers_title.jpg/220px-Captain_Planet_and_the_Planeteers_title.jpg
Captain Universe,https://upload.wikimedia.org/wikipedia/en/thumb/1/11/Captain_Universe.jpg/220px-Captain_Universe.jpg
Carnage,https://static.wikia.nocookie.net/marvel_dc/images/4/4f/Carnage.png/revision/latest?cb=20110411222534
Cat,https://upload.wikimedia.org/wikipedia/commons/thumb/1/15/Cat_August_2010-4.jpg/181px-Cat_August_2010-4.jpg
Catwoman,https://upload.wikimedia.org/wikipedia/en/thumb/e/e4/Catwoman_Infobox.jpg/220px-Catwoman_Infobox.jpg
Cerebra,https://upload.wikimedia.org/wikipedia/commons/thumb/0/0e/Lobes_of_the_brain_NL.svg/250px-Lobes_of_the_brain_NL.svg.png
Chameleon,https://upload.wikimedia.org/wikipedia/commons/thumb/a/a3/Chamaeleonidae-01.jpg/220px-Chamaeleonidae-01.jpg
Changeling,https://static.wikia.nocookie.net/marvel_dc/images/f/f0/Changeling_Forms3.jpg/revision/latest/scale-to-width-down/350?cb=20200831033846
Cheetah,https://upload.wikimedia.org/wikipedia/commons/thumb/7/71/Cheetah_at_Working_with_Wildlife.jpg/220px-Cheetah_at_Working_with_Wildlife.jpg
Cheetah II,https://static.wikia.nocookie.net/marvel_dc/images/8/80/Cheetah_II.JPG/revision/latest/scale-to-width-down/350?cb=20200831035358
Chuck Norris,https://upload.wikimedia.org/wikipedia/commons/thumb/3/30/Chuck_Norris_May_2015.jpg/220px-Chuck_Norris_May_2015.jpg
Citizen Steel,https://upload.wikimedia.org/wikipedia/en/thumb/e/e4/Citizensteel.jpg/220px-Citizensteel.jpg
Claire Bennet,https://upload.wikimedia.org/wikipedia/en/thumb/d/d0/ClaireBennetpromo.jpg/220px-ClaireBennetpromo.jpg
Clayface,https://upload.wikimedia.org/wikipedia/en/thumb/8/8d/Clayfaces.jpg/220px-Clayfaces.jpg
Cogliostro,https://upload.wikimedia.org/wikipedia/en/thumb/4/45/Spawn_Cogliostro.jpg/220px-Spawn_Cogliostro.jpg
Copycat,https://static.wikia.nocookie.net/marvel_dc/images/2/2d/Copycat_DV8.jpg/revision/latest/scale-to-width-down/350?cb=20071126151500
Cottonmouth,https://upload.wikimedia.org/wikipedia/commons/thumb/f/fe/Agkistrodon_piscivorus_piscivorus_CDC.png/220px-Agkistrodon_piscivorus_piscivorus_CDC.png
Crimson Crusader,https://upload.wikimedia.org/wikipedia/en/thumb/a/a0/ClanDestinev1.1Cov.jpg/220px-ClanDestinev1.1Cov.jpg
Crimson Dynamo,https://upload.wikimedia.org/wikipedia/en/9/97/Crimson_Dynamo_Armor_MK_I.jpg
Crystal,https://static.wikia.nocookie.net/marvel_dc/images/5/5b/Crystal_Palace_Von_Hoverkraft_Vertigo_Universe_001.jpg/revision/latest/scale-to-width-down/266?cb=20210924083147
Curse,https://static.wikia.nocookie.net/marvel_dc/images/1/18/Doctor_Fate_Hector_Hall_009.jpg/revision/latest/scale-to-width-down/329?cb=20110204110922
Cyborg,https://static.wikia.nocookie.net/marvel_dc/images/9/91/Cyborg_Vol_3_6_Textless_Alleyne_Variant.jpg/revision/latest/scale-to-width-down/332?cb=20231226211750
Cyborg Superman,https://upload.wikimedia.org/wikipedia/en/thumb/2/2d/Hank_Henshaw%2C_as_he_appears_in_the_panel_of_a_comic_book.jpg/205px-Hank_Henshaw%2C_as_he_appears_in_the_panel_of_a_comic_book.jpg
Cyclops,https://static.wikia.nocookie.net/marvel_dc/images/5/55/Cyclops_001.jpg/revision/latest/scale-to-width-down/324?cb=20130502145531
DL Hawkins,https://upload.wikimedia.org/wikipedia/en/thumb/7/70/Heroes_logo.png/220px-Heroes_logo.png
Dagger,https://static.wikia.nocookie.net/marvel_dc/images/a/a3/Ned_Brann_01.png/revision/latest/scale-to-width-down/182?cb=20110705105338
Daphne Powell,https://upload.wikimedia.org/wikipedia/en/thumb/5/5f/No_Ordinary_Family_2010_Intertitle.png/220px-No_Ordinary_Family_2010_Intertitle.png
Darkhawk,https://upload.wikimedia.org/wikipedia/en/thumb/f/fb/Darkhawk_1.jpg/220px-Darkhawk_1.jpg
Darkman,https://upload.wikimedia.org/wikipedia/en/thumb/3/3e/Darkman_film_poster.jpg/220px-Darkman_film_poster.jpg
Darkseid,https://upload.wikimedia.org/wikipedia/en/thumb/8/88/Justice_League_Odyssey_Darkseid.jpeg/220px-Justice_League_Odyssey_Darkseid.jpeg
Darkstar,https://static.wikia.nocookie.net/marvel_dc/images/6/68/Darkstars_004.jpg/revision/latest/scale-to-width-down/331?cb=20120811125216
Darth Maul,https://upload.wikimedia.org/wikipedia/en/thumb/b/bb/MaulStarWars.jpg/220px-MaulStarWars.jpg
Darth Vader,https://upload.wikimedia.org/wikipedia/en/f/f7/Darth_Vader.png
Dazzler,https://static.wikia.nocookie.net/marvel_dc/images/3/3d/Dazzler.png/revision/latest?cb=20110216151250
Deadman,https://static.wikia.nocookie.net/marvel_dc/images/0/0f/Knight_Terrors_Night%27s_End_Vol_1_1_Variant_1_Textless.jpg/revision/latest/scale-to-width-down/338?cb=20230917010628
Deadpool,https://upload.wikimedia.org/wikipedia/en/thumb/c/ca/Deadpool.png/220px-Deadpool.png
Deadshot,https://upload.wikimedia.org/wikipedia/en/b/b9/Deadshot_%28Floyd_Lawton_circa_2020%29.png
Deathlok,https://upload.wikimedia.org/wikipedia/en/thumb/f/f8/AstonishingTales25.jpg/220px-AstonishingTales25.jpg
Deathstroke,https://upload.wikimedia.org/wikipedia/en/thumb/6/6e/Deathstroke_%28DC_Comics%29.webp/220px-Deathstroke_%28DC_Comics%29.webp.png
Dementor,https://static.wikia.nocookie.net/marvel_dc/images/9/9e/Dementor_01.jpg/revision/latest/scale-to-width-down/350?cb=20090824004037
Demogoblin,https://upload.wikimedia.org/wikipedia/en/thumb/f/fa/Demogoblin.jpg/220px-Demogoblin.jpg
Destroyer,https://static.wikia.nocookie.net/marvel_dc/images/2/21/Destroyer_001.jpg/revision/latest/scale-to-width-down/185?cb=20110324111452
Doc Samson,https://upload.wikimedia.org/wikipedia/en/thumb/8/88/Docsamson.jpg/220px-Docsamson.jpg
Doctor Doom,https://upload.wikimedia.org/wikipedia/en/thumb/6/60/Doctor_Doom_%282018%29.jpg/220px-Doctor_Doom_%282018%29.jpg
Doctor Fate,https://upload.wikimedia.org/wikipedia/en/thumb/a/ae/Doctor_Fate_002.jpg/220px-Doctor_Fate_002.jpg
Doctor Octopus,https://upload.wikimedia.org/wikipedia/en/thumb/b/bc/Dr._Octopus_Marvel.jpg/220px-Dr._Octopus_Marvel.jpg
Doctor Poison,https://upload.wikimedia.org/wikipedia/en/thumb/9/9d/Dr_Poison_by_Clark.jpg/220px-Dr_Poison_by_Clark.jpg
Doctor Strange,https://upload.wikimedia.org/wikipedia/en/thumb/4/4f/Doctor_Strange_Vol_4_2_Ross_Variant_Textless.jpg/220px-Doctor_Strange_Vol_4_2_Ross_Variant_Textless.jpg
Domino,https://upload.wikimedia.org/wikipedia/commons/thumb/a/ae/Dominospiel.JPG/240px-Dominospiel.JPG
Donatello,https://upload.wikimedia.org/wikipedia/commons/thumb/9/95/Cinq_ma%C3%AEtres_de_la_Renaissance_florentine_Mus%C3%A9e_du_Louvre_Peintures_INV_267_-_Donatello.jpg/220px-Cinq_ma%C3%AEtres_de_la_Renaissance_florentine_Mus%C3%A9e_du_Louvre_Peintures_INV_267_-_Donatello.jpg
Donna Troy,https://upload.wikimedia.org/wikipedia/en/thumb/3/38/Donna_Troy.png/220px-Donna_Troy.png
Doomsday,https://static.wikia.nocookie.net/marvel_dc/images/8/81/The_Death_of_Superman_30th_Anniversary_Special_Vol_1_1_Textless_Mattina_Variant.jpg/revision/latest/scale-to-width-down/333?cb=20221117054734
Doppelganger,https://static.wikia.nocookie.net/marvel_dc/images/d/d5/Doppelganger_001.jpg/revision/latest/scale-to-width-down/350?cb=20180712135918
Dormammu,https://upload.wikimedia.org/wikipedia/en/8/85/Dormammu.jpg
Dr Manhattan,https://upload.wikimedia.org/wikipedia/en/thumb/d/da/Doctor_Manhattan.png/220px-Doctor_Manhattan.png
Drax the Destroyer,https://upload.wikimedia.org/wikipedia/en/thumb/0/02/Drax-cover.jpg/220px-Drax-cover.jpg
Elastigirl,https://upload.wikimedia.org/wikipedia/en/thumb/e/ef/Helen_Parr.png/220px-Helen_Parr.png
Electro,https://static.wikia.nocookie.net/marvel_dc/images/3/35/Electro.png/revision/latest/scale-to-width-down/350?cb=20190130072052
Elle Bishop,https://upload.wikimedia.org/wikipedia/en/b/b3/Elle_Bishop_Heroes.jpg
Elongated Man,https://upload.wikimedia.org/wikipedia/en/thumb/f/fc/Elongated_Man.jpg/220px-Elongated_Man.jpg
Emma Frost,https://upload.wikimedia.org/wikipedia/en/thumb/0/02/Emma_Frost_%28Modern%29.webp/220px-Emma_Frost_%28Modern%29.webp.png
Enchantress,https://static.wikia.nocookie.net/marvel_dc/images/3/30/Enchantress_Prime_Earth_001.jpg/revision/latest/scale-to-width-down/350?cb=20171218162407
Energy,https://upload.wikimedia.org/wikipedia/commons/thumb/d/d6/Energy_Arc_%28central_electrode_of_a_Plasma_Lamp%29.jpg/250px-Energy_Arc_%28central_electrode_of_a_Plasma_Lamp%29.jpg
Ethan Hunt,https://upload.wikimedia.org/wikipedia/en/thumb/f/f2/Ethan_Hunt_MI.jpg/220px-Ethan_Hunt_MI.jpg
Etrigan,https://upload.wikimedia.org/wikipedia/en/thumb/7/7b/Etrigan_the_Demon.png/220px-Etrigan_the_Demon.png
Evilhawk,https://upload.wikimedia.org/wikipedia/en/thumb/f/fb/Darkhawk_1.jpg/220px-Darkhawk_1.jpg
Falcon,https://upload.wikimedia.org/wikipedia/commons/thumb/3/39/Brown-Falcon%2C-Vic%2C-3.1.2008.jpg/220px-Brown-Falcon%2C-Vic%2C-3.1.2008.jpg
Faora,https://upload.wikimedia.org/wikipedia/en/thumb/7/7c/Faora.jpg/220px-Faora.jpg
Fighting Spirit,https://static.wikia.nocookie.net/marvel_dc/images/6/65/Carol_Carter_%28Earth-ABC%29_002.png/revision/latest?cb=20090920033652
Fin Fang Foom,https://upload.wikimedia.org/wikipedia/en/thumb/6/6d/Fin_Fang_Foom.png/220px-Fin_Fang_Foom.png
Fire,https://static.wikia.nocookie.net/marvel_dc/images/9/93/The_Human_Target_Vol_1_7_Textless_Lau_Variant.jpg/revision/latest/scale-to-width-down/329?cb=20221003030550
Firebird,https://static.wikia.nocookie.net/marvel_dc/images/a/aa/Serafina_Arkadin_001.png/revision/latest/scale-to-width-down/236?cb=20200210023849
Firestorm,https://static.wikia.nocookie.net/marvel_dc/images/8/8c/Lazarus_Planet_Legends_Reborn_Vol_1_1_Textless_Sarmento_Variant.jpg/revision/latest/scale-to-width-down/334?cb=20230205133724
Flash,https://static.wikia.nocookie.net/marvel_dc/images/8/86/The_Flash_Vol_1_768_Textless_Variant.jpg/revision/latest/scale-to-width-down/350?cb=20210329143920
Flash Gordon,https://upload.wikimedia.org/wikipedia/en/thumb/b/be/Flash_Gordon.png/220px-Flash_Gordon.png
Frenzy,https://upload.wikimedia.org/wikipedia/en/thumb/e/eb/Frenzy_movieposter.jpg/220px-Frenzy_movieposter.jpg
Frigga,https://static.wikia.nocookie.net/marvel_dc/images/5/56/Frigga_Prime_Earth_001.jpg/revision/latest/scale-to-width-down/350?cb=20180212164232
Galactus,https://upload.wikimedia.org/wikipedia/en/thumb/a/a7/Galactus_%282018%29.jpg/220px-Galactus_%282018%29.jpg
Gamora,https://upload.wikimedia.org/wikipedia/en/thumb/0/08/Gamora-cover.jpg/220px-Gamora-cover.jpg
Garbage Man,https://static.wikia.nocookie.net/marvel_dc/images/b/b6/Richard_Morse_01.jpg/revision/latest/scale-to-width-down/350?cb=20110207173832
General Zod,https://upload.wikimedia.org/wikipedia/en/thumb/7/7d/General_Zod_%28circa_2018%29.png/220px-General_Zod_%28circa_2018%29.png
Genesis,https://static.wikia.nocookie.net/marvel_dc/images/a/a6/Genesis_Preacher_001.png/revision/latest?cb=20120201163948
Ghost Rider,https://upload.wikimedia.org/wikipedia/en/thumb/6/6e/Ghost_Rider_first_issue_cover.png/220px-Ghost_Rider_first_issue_cover.png
Ghost Rider II,https://upload.wikimedia.org/wikipedia/en/thumb/2/2f/Ghost_Rider_2_Poster.jpg/220px-Ghost_Rider_2_Poster.jpg
Giganta,https://upload.wikimedia.org/wikipedia/en/1/13/Giganta.jpg
Goblin Queen,https://upload.wikimedia.org/wikipedia/en/thumb/9/91/Goblin_Queen_%28Madelyne_Pryor%29.png/220px-Goblin_Queen_%28Madelyne_Pryor%29.png
Godzilla,https://upload.wikimedia.org/wikipedia/commons/thumb/1/1d/Godzilla_%281954%29.jpg/220px-Godzilla_%281954%29.jpg
Gog,https://static.wikia.nocookie.net/marvel_dc/images/7/79/Gog_-_Thy_Kingdom_Come.jpg/revision/latest/scale-to-width-down/330?cb=20200520095412
Goku,https://upload.wikimedia.org/wikipedia/en/thumb/4/4c/GokumangaToriyama.png/220px-GokumangaToriyama.png
Gorilla Grodd,https://upload.wikimedia.org/wikipedia/en/thumb/7/76/Gorilla_Grodd.png/220px-Gorilla_Grodd.png
Granny Goodness,https://upload.wikimedia.org/wikipedia/en/thumb/9/9a/Granny_Goodness_%28circa_1971%29.png/220px-Granny_Goodness_%28circa_1971%29.png
Greedo,https://upload.wikimedia.org/wikipedia/en/thumb/d/d0/GreedoStarWars.jpg/220px-GreedoStarWars.jpg
Green Arrow,https://upload.wikimedia.org/wikipedia/en/thumb/1/1f/Green_Arrow_%28circa_2021%29.jpg/220px-Green_Arrow_%28circa_2021%29.jpg
Green Goblin,https://upload.wikimedia.org/wikipedia/en/thumb/6/6c/Green_Goblin_Comic_Art_by_Luke_Ross.webp/220px-Green_Goblin_Comic_Art_by_Luke_Ross.webp.png
Green Goblin II,https://upload.wikimedia.org/wikipedia/en/thumb/1/17/Harry_Osborn.png/220px-Harry_Osborn.png
Green Goblin III,https://upload.wikimedia.org/wikipedia/en/thumb/6/6c/Green_Goblin_Comic_Art_by_Luke_Ross.webp/220px-Green_Goblin_Comic_Art_by_Luke_Ross.webp.png
Green Goblin IV,https://upload.wikimedia.org/wikipedia/en/thumb/6/6c/Green_Goblin_Comic_Art_by_Luke_Ross.webp/220px-Green_Goblin_Comic_Art_by_Luke_Ross.webp.png
Groot,https://upload.wikimedia.org/wikipedia/en/thumb/1/17/I_am_Groot_vol_1.jpeg/220px-I_am_Groot_vol_1.jpeg
Guy Gardner,https://static.wikia.nocookie.net/marvel_dc/images/5/5a/Guy_Gardner_Prime_Earth_001.jpg/revision/latest/scale-to-width-down/325?cb=20130511011521
Hal Jordan,https://upload.wikimedia.org/wikipedia/en/thumb/9/90/Green_Lantern_%28Hal_Jordan%29.png/220px-Green_Lantern_%28Hal_Jordan%29.png
Han Solo,https://upload.wikimedia.org/wikipedia/en/thumb/b/be/Han_Solo_depicted_in_promotional_image_for_Star_Wars_%281977%29.jpg/220px-Han_Solo_depicted_in_promotional_image_for_Star_Wars_%281977%29.jpg
Harley Quinn,https://upload.wikimedia.org/wikipedia/en/thumb/d/d3/Classic_and_modern_Harley_Quinn.png/220px-Classic_and_modern_Harley_Quinn.png
Harry Potter,https://upload.wikimedia.org/wikipedia/commons/thumb/6/6e/Harry_Potter_wordmark.svg/220px-Harry_Potter_wordmark.svg.png
Hawk,https://upload.wikimedia.org/wikipedia/commons/thumb/8/81/Northern_Goshawk_ad_M2.jpg/220px-Northern_Goshawk_ad_M2.jpg
Hawkeye,https://static.wikia.nocookie.net/marvel_dc/images/9/97/Original_LEG.jpg/revision/latest/scale-to-width-down/350?cb=20141122145511
Hawkeye II,https://upload.wikimedia.org/wikipedia/en/thumb/5/56/Hawkeye_Vol_5_1.jpg/220px-Hawkeye_Vol_5_1.jpg
Hawkgirl,https://upload.wikimedia.org/wikipedia/en/thumb/3/34/Hawkgirl_%28Shiera_Sanders_Hall%29.png/220px-Hawkgirl_%28Shiera_Sanders_Hall%29.png
Hawkman,https://upload.wikimedia.org/wikipedia/en/thumb/9/9a/Hawkman_v4_1.jpg/220px-Hawkman_v4_1.jpg
Heat Wave,https://static.wikia.nocookie.net/marvel_dc/images/4/44/Heat_Wave_Prime_Earth_0001.png/revision/latest/scale-to-width-down/350?cb=20231016213131
Hellboy,https://upload.wikimedia.org/wikipedia/en/thumb/7/7f/Hellboy_The_Wolves_of_St_August.jpg/220px-Hellboy_The_Wolves_of_St_August.jpg
Hellstorm,https://upload.wikimedia.org/wikipedia/en/thumb/9/96/Daimon_Hellstrom.webp/187px-Daimon_Hellstrom.webp.png
Hercules,https://upload.wikimedia.org/wikipedia/commons/thumb/9/9a/Hercules_combatant_Achelous_%288655488835%29.jpg/220px-Hercules_combatant_Achelous_%288655488835%29.jpg
Hit-Girl,https://upload.wikimedia.org/wikipedia/en/thumb/e/e3/Hit-Girl_in_Rome_cover.jpg/220px-Hit-Girl_in_Rome_cover.jpg
Hope Summers,https://upload.wikimedia.org/wikipedia/en/3/35/Hope_Summers_in_The_Andy_Griffith_Show_1966.jpg
Hulk,https://upload.wikimedia.org/wikipedia/en/thumb/a/aa/Hulk_%28circa_2019%29.png/220px-Hulk_%28circa_2019%29.png
Human Torch,https://upload.wikimedia.org/wikipedia/en/thumb/c/c7/Human_Torch_%28Johnny_Storm%29.png/220px-Human_Torch_%28Johnny_Storm%29.png
Huntress,https://static.wikia.nocookie.net/marvel_dc/images/5/57/Batgirl_and_the_Birds_of_Prey_Vol_1_4_Textless.jpg/revision/latest/scale-to-width-down/329?cb=20161112181619
Hybrid,https://static.wikia.nocookie.net/marvel_dc/images/0/0b/Hybrid_0001.jpg/revision/latest/scale-to-width-down/350?cb=20160608195306
Hydro-Man,https://upload.wikimedia.org/wikipedia/en/b/b9/Hydro-Man_%28Morris_%27Morrie%27_Bench%29.png
Hyperion,https://static.wikia.nocookie.net/marvel_dc/images/d/d4/Hyperion_001.jpg/revision/latest/scale-to-width-down/135?cb=20130327105550
Iceman,https://static.wikia.nocookie.net/marvel_dc/images/a/ad/Joe_Chill_Prime_Earth_0001.jpg/revision/latest/scale-to-width-down/350?cb=20150624102753
Impulse,https://static.wikia.nocookie.net/marvel_dc/images/e/e6/Bartholomew_Allen_II_Prime_Earth_0001.jpg/revision/latest/scale-to-width-down/325?cb=20180712015708
Indiana Jones,https://upload.wikimedia.org/wikipedia/commons/thumb/a/aa/Indiana_Jones_logo.svg/250px-Indiana_Jones_logo.svg.png
Indigo,https://upload.wikimedia.org/wikipedia/commons/thumb/d/d8/Indian_indigo_dye_lump.jpg/220px-Indian_indigo_dye_lump.jpg
Ink,https://static.wikia.nocookie.net/marvel_dc/images/f/f0/Lori_Morning_01.jpg/revision/latest/scale-to-width-down/191?cb=20090108192547
Invisible Woman,https://upload.wikimedia.org/wikipedia/en/thumb/e/e4/Invisible_Woman.png/220px-Invisible_Woman.png
Iron Fist,https://static.wikia.nocookie.net/marvel_dc/images/2/24/Iron_Fist_Quality_Universe_0001.jpg/revision/latest/scale-to-width-down/185?cb=20160516222811
Iron Man,https://upload.wikimedia.org/wikipedia/en/thumb/4/47/Iron_Man_%28circa_2018%29.png/220px-Iron_Man_%28circa_2018%29.png
Iron Monger,https://upload.wikimedia.org/wikipedia/en/thumb/4/44/IronMonger.jpg/230px-IronMonger.jpg
Isis,https://upload.wikimedia.org/wikipedia/commons/thumb/e/ec/Isis.svg/220px-Isis.svg.png
Jack of Hearts,https://static.wikia.nocookie.net/marvel_dc/images/1/19/Royal_Flush_Gang_II_Prime_Earth_0002.JPG/revision/latest/scale-to-width-down/350?cb=20161028143300
James Bond,https://upload.wikimedia.org/wikipedia/en/thumb/c/c5/Fleming007impression.jpg/250px-Fleming007impression.jpg
James T. Kirk,https://upload.wikimedia.org/wikipedia/commons/thumb/7/72/William_Shatner_Star_Trek.JPG/220px-William_Shatner_Star_Trek.JPG
Jar Jar Binks,https://upload.wikimedia.org/wikipedia/en/thumb/4/4b/Jjportrait.jpg/220px-Jjportrait.jpg
Jason Bourne,https://upload.wikimedia.org/wikipedia/en/thumb/6/60/Jason_bourne_infobox.jpg/220px-Jason_bourne_infobox.jpg
Jean Grey,https://upload.wikimedia.org/wikipedia/en/thumb/8/8c/Jean_Grey_%28Modern%29.webp/220px-Jean_Grey_%28Modern%29.webp.png
Jean-Luc Picard,https://upload.wikimedia.org/wikipedia/en/thumb/8/8e/Patrick_Steward_as_Jean-Luc_Picard_in_1996%27s_Star_Trek_First_Contact.jpg/220px-Patrick_Steward_as_Jean-Luc_Picard_in_1996%27s_Star_Trek_First_Contact.jpg
Jennifer Kale,https://upload.wikimedia.org/wikipedia/en/thumb/0/03/Jennifer_Kale.jpg/220px-Jennifer_Kale.jpg
Jessica Cruz,https://upload.wikimedia.org/wikipedia/en/thumb/e/e6/Green_Lantern_%28Jessica_Cruz%29.jpg/220px-Green_Lantern_%28Jessica_Cruz%29.jpg
Jessica Jones,https://upload.wikimedia.org/wikipedia/en/thumb/6/6e/Jessica_Jones_by_Mike_Mayhew.jpg/220px-Jessica_Jones_by_Mike_Mayhew.jpg
Johann Krauss,https://upload.wikimedia.org/wikipedia/en/thumb/c/c5/JohannKraus.jpg/140px-JohannKraus.jpg
John Constantine,https://upload.wikimedia.org/wikipedia/en/thumb/1/15/John_Constantine%2C_Hellblazer_No._1.jpg/220px-John_Constantine%2C_Hellblazer_No._1.jpg
John Stewart,https://static.wikia.nocookie.net/marvel_dc/images/c/ce/Dark_Nights_Death_Metal_Vol_1_4_Textless_John_Stewart_Variant.jpg/revision/latest/scale-to-width-down/329?cb=20201013094420
John Wraith,https://upload.wikimedia.org/wikipedia/en/f/ff/Johnwraith.jpg
Joker,https://static.wikia.nocookie.net/marvel_dc/images/4/41/Batman_Vol_2_23.1_The_Joker_Textless.jpg/revision/latest/scale-to-width-down/321?cb=20130904201016
Jolt,https://static.wikia.nocookie.net/marvel_dc/images/1/18/Carlotta_Rivera_003.jpg/revision/latest/scale-to-width-down/84?cb=20090925152101
Jubilee,https://static.wikia.nocookie.net/marvel_dc/images/0/02/Sparrow_Amalgam_Universe_001.jpg/revision/latest?cb=20100114212855
Judge Dredd,https://upload.wikimedia.org/wikipedia/en/thumb/2/21/Dredd_Apocalypse_War.jpg/220px-Dredd_Apocalypse_War.jpg
Justice,https://static.wikia.nocookie.net/marvel_dc/images/9/9b/Justice_Vol_1_1.jpg/revision/latest/scale-to-width-down/330?cb=20080504204822
K-2SO,https://upload.wikimedia.org/wikipedia/en/thumb/2/29/Alan_Tudyk_as_K-2SO-Rogue_One_%282016%29.jpg/220px-Alan_Tudyk_as_K-2SO-Rogue_One_%282016%29.jpg
Karate Kid,https://upload.wikimedia.org/wikipedia/en/thumb/a/a9/Karate_kid.jpg/220px-Karate_kid.jpg
Kathryn Janeway,https://upload.wikimedia.org/wikipedia/en/thumb/3/3c/Janeway_Season7.jpg/220px-Janeway_Season7.jpg
Katniss Everdeen,https://upload.wikimedia.org/wikipedia/en/thumb/5/5b/Katniss_Everdeen.jpg/350px-Katniss_Everdeen.jpg
Kid Flash,https://upload.wikimedia.org/wikipedia/en/thumb/c/c1/Kid_Flash_%28Wally_West_circa_1961%29.png/220px-Kid_Flash_%28Wally_West_circa_1961%29.png
Killer Croc,https://upload.wikimedia.org/wikipedia/en/thumb/5/5c/Killer_Croc.png/220px-Killer_Croc.png
Killer Frost,https://upload.wikimedia.org/wikipedia/en/thumb/e/e1/Killer_Frost_%28Caitlin_Snow%29.jpg/220px-Killer_Frost_%28Caitlin_Snow%29.jpg
Kilowog,https://upload.wikimedia.org/wikipedia/en/thumb/a/ae/Kilowog.jpg/220px-Kilowog.jpg
King Kong,https://upload.wikimedia.org/wikipedia/commons/thumb/3/30/King_Kong_1933_Promotional_Image.png/280px-King_Kong_1933_Promotional_Image.png
King Shark,https://upload.wikimedia.org/wikipedia/en/thumb/2/2e/King_shark.jpg/220px-King_shark.jpg
Klaw,https://static.wikia.nocookie.net/marvel_dc/images/6/65/Valcan_005.jpg/revision/latest/scale-to-width-down/330?cb=20111015071923
Kool-Aid Man,https://upload.wikimedia.org/wikipedia/en/thumb/c/c7/Kool-Aid_Man.png/245px-Kool-Aid_Man.png
Kraven the Hunter,https://upload.wikimedia.org/wikipedia/en/thumb/3/3b/Kraven_the_Hunter.png/220px-Kraven_the_Hunter.png
Krypto,https://upload.wikimedia.org/wikipedia/en/thumb/2/23/Kryptoross.PNG/220px-Kryptoross.PNG
Kyle Rayner,https://upload.wikimedia.org/wikipedia/en/thumb/d/d8/Green_Lantern_%28Kyle_Rayner%29.png/220px-Green_Lantern_%28Kyle_Rayner%29.png
Kylo Ren,https://upload.wikimedia.org/wikipedia/en/thumb/3/34/Kylo_Ren.png/220px-Kylo_Ren.png
Lady Bullseye,https://upload.wikimedia.org/wikipedia/en/5/53/Lady_Bullseye.jpg
Lady Deathstrike,https://upload.wikimedia.org/wikipedia/en/thumb/7/7e/LadyArtistsStrike.jpg/220px-LadyArtistsStrike.jpg
Lara Croft,https://upload.wikimedia.org/wikipedia/en/thumb/a/a8/LaraCroftInfobox.png/240px-LaraCroftInfobox.png
Leech,https://upload.wikimedia.org/wikipedia/commons/thumb/7/77/Sucking_leech.jpg/220px-Sucking_leech.jpg
Legion,https://static.wikia.nocookie.net/marvel_dc/images/b/b1/LEGION_01.jpg/revision/latest/scale-to-width-down/329?cb=20090103004332
Lex Luthor,https://upload.wikimedia.org/wikipedia/en/9/9b/Lex_Luthor_%28comic_book_supervillain%29_infobox_image.png
Light Lass,https://upload.wikimedia.org/wikipedia/en/thumb/b/b3/31345-light-lass_400.jpg/250px-31345-light-lass_400.jpg
Lightning Lad,https://upload.wikimedia.org/wikipedia/en/thumb/4/44/Garth_Ranzz_%28Post-Infinite_Crisis_version%29.jpg/220px-Garth_Ranzz_%28Post-Infinite_Crisis_version%29.jpg
Lightning Lord,https://static.wikia.nocookie.net/marvel_dc/images/1/19/Lightning_Lord_03.jpg/revision/latest/scale-to-width-down/350?cb=20091015065344
Living Brain,https://upload.wikimedia.org/wikipedia/en/thumb/0/0b/LivingBrainOriginal.png/220px-LivingBrainOriginal.png
Living Tribunal,https://upload.wikimedia.org/wikipedia/en/d/de/TLT2.png
Lizard,https://upload.wikimedia.org/wikipedia/commons/thumb/1/14/Lizard_Collage.jpg/220px-Lizard_Collage.jpg
Lobo,https://static.wikia.nocookie.net/marvel_dc/images/1/18/Lobo_II_Prime_Earth_001.jpg/revision/latest/scale-to-width-down/334?cb=20230911111519
Loki,https://static.wikia.nocookie.net/marvel_dc/images/4/44/Loki_New_Earth_005.jpg/revision/latest/scale-to-width-down/350?cb=20231108201632
Lord Voldemort,https://upload.wikimedia.org/wikipedia/en/thumb/a/a3/Lordvoldemort.jpg/220px-Lordvoldemort.jpg
Luke Cage,https://upload.wikimedia.org/wikipedia/en/thumb/f/f9/Luke_Cage_by_Stuart_Immonen.png/220px-Luke_Cage_by_Stuart_Immonen.png
Luke Skywalker,https://upload.wikimedia.org/wikipedia/en/thumb/b/b1/Luke_Skywalker_in_Return_of_the_Jedi_and_The_Last_Jedi.jpg/220px-Luke_Skywalker_in_Return_of_the_Jedi_and_The_Last_Jedi.jpg
Luna,https://static.wikia.nocookie.net/marvel_dc/images/7/7a/Superman_All-Star_Superman_021.jpg/revision/latest/scale-to-width-down/315?cb=20110325100544
Lyja,https://upload.wikimedia.org/wikipedia/en/thumb/8/88/Secret_Invasion_Fantastic_Four_2.jpg/250px-Secret_Invasion_Fantastic_Four_2.jpg
MODOK,https://upload.wikimedia.org/wikipedia/en/thumb/e/eb/Modok.PNG/220px-Modok.PNG
Machine Man,https://upload.wikimedia.org/wikipedia/en/thumb/c/cd/Machineman.PNG/220px-Machineman.PNG
Magneto,https://static.wikia.nocookie.net/marvel_dc/images/b/b1/Magneto_01.png/revision/latest?cb=20110628190721
Magog,https://static.wikia.nocookie.net/marvel_dc/images/5/59/David_Sikela_Earth_22_003.jpg/revision/latest/scale-to-width-down/350?cb=20221225104245
Magus,https://static.wikia.nocookie.net/marvel_dc/images/d/d2/Magus_Earth-One_0001.jpg/revision/latest/scale-to-width-down/79?cb=20180617140557
Man of Miracles,https://upload.wikimedia.org/wikipedia/en/thumb/9/92/Styx_-_Man_of_Miracles.jpg/220px-Styx_-_Man_of_Miracles.jpg
Man-Bat,https://upload.wikimedia.org/wikipedia/en/thumb/6/6c/Man-Bat.jpg/220px-Man-Bat.jpg
Man-Thing,https://upload.wikimedia.org/wikipedia/en/thumb/9/9d/Man-Thing.jpg/220px-Man-Thing.jpg
Man-Wolf,https://upload.wikimedia.org/wikipedia/en/9/92/JohnJameson-Marvel.png
Mantis,https://upload.wikimedia.org/wikipedia/commons/thumb/6/62/European_praying_mantis_%28Mantis_religiosa%29_green_female_Dobruja.jpg/220px-European_praying_mantis_%28Mantis_religiosa%29_green_female_Dobruja.jpg
Martian Manhunter,https://upload.wikimedia.org/wikipedia/en/3/34/Martian_Manhunter_Alex_Ross.png
Match,https://static.wikia.nocookie.net/marvel_dc/images/2/2f/Suicide_Squad_Vol_7_8_Textless_Variant.jpg/revision/latest/scale-to-width-down/325?cb=20211115174746
Maxima,https://static.wikia.nocookie.net/marvel_dc/images/3/33/Maxima_Prime_Earth_0006.jpg/revision/latest/scale-to-width-down/218?cb=20150603152343
Medusa,https://upload.wikimedia.org/wikipedia/commons/thumb/9/98/Gorgona_pushkin.jpg/220px-Gorgona_pushkin.jpg
Meltdown,https://static.wikia.nocookie.net/marvel_dc/images/7/72/Ned_Creegan_004.jpg/revision/latest/scale-to-width-down/98?cb=20130710144153
Mera,https://static.wikia.nocookie.net/marvel_dc/images/a/a8/Aquaman_Vol_8_26_Textless.jpg/revision/latest/scale-to-width-down/329?cb=20170821033121
Metallo,https://upload.wikimedia.org/wikipedia/en/thumb/a/a2/Metallo_%28John_Corben_-circa_2007%29.png/220px-Metallo_%28John_Corben_-circa_2007%29.png
Metamorpho,https://upload.wikimedia.org/wikipedia/en/e/e9/Nolan_metamorpho.jpg
Metron,https://static.wikia.nocookie.net/marvel_dc/images/9/9f/Justice_League_Vol_2_40_Alex_Garner_Variant_Textless.jpg/revision/latest/scale-to-width-down/332?cb=20150429150431
Michelangelo,https://upload.wikimedia.org/wikipedia/commons/thumb/0/02/Michelangelo_Daniele_da_Volterra_%28dettaglio%29.jpg/220px-Michelangelo_Daniele_da_Volterra_%28dettaglio%29.jpg
Micro Lad,https://static.wikia.nocookie.net/marvel_dc/images/b/b0/Micro_Lad_001.jpg/revision/latest/scale-to-width-down/326?cb=20111110122050
Mimic,https://static.wikia.nocookie.net/marvel_dc/images/c/c5/Mimic_01.jpg/revision/latest/scale-to-width-down/152?cb=20110410114435
Misfit,https://static.wikia.nocookie.net/marvel_dc/images/1/12/Misfit_01.jpg/revision/latest/scale-to-width-down/350?cb=20071031144845
Miss Martian,https://upload.wikimedia.org/wikipedia/en/thumb/2/2d/Miss_Martian.jpg/220px-Miss_Martian.jpg
Mister Fantastic,https://upload.wikimedia.org/wikipedia/en/thumb/b/ba/Reedr.jpg/220px-Reedr.jpg
Mister Freeze,https://upload.wikimedia.org/wikipedia/en/thumb/a/a3/Mr._Freeze_%28Victor_Fries%29.png/220px-Mr._Freeze_%28Victor_Fries%29.png
Mister Knife,https://upload.wikimedia.org/wikipedia/en/thumb/f/ff/J%E2%80%99son_%28Earth-616%29_from_Legendary_Star-Lord_Vol_1_5_0003.jpg/220px-J%E2%80%99son_%28Earth-616%29_from_Legendary_Star-Lord_Vol_1_5_0003.jpg
Mister Mxyzptlk,https://upload.wikimedia.org/wikipedia/en/thumb/6/6f/Mister_Mxyzptlk_%28circa_2017%29.png/220px-Mister_Mxyzptlk_%28circa_2017%29.png
Mister Sinister,https://upload.wikimedia.org/wikipedia/en/thumb/2/26/Mister_Sinister_1989.png/220px-Mister_Sinister_1989.png
Mockingbird,https://upload.wikimedia.org/wikipedia/commons/thumb/1/16/Mimus_polyglottos1.jpg/220px-Mimus_polyglottos1.jpg
Mohinder Suresh,https://upload.wikimedia.org/wikipedia/commons/thumb/9/93/Sendhil_Ramamurthy.jpg/220px-Sendhil_Ramamurthy.jpg
Molten Man,https://upload.wikimedia.org/wikipedia/en/4/45/Molten_Man_%28Mark_Raxton%29.png
Monarch,https://static.wikia.nocookie.net/marvel_dc/images/d/d9/Monarch_002.jpg/revision/latest/scale-to-width-down/349?cb=20091112191426
Moon Knight,https://upload.wikimedia.org/wikipedia/en/thumb/f/fd/Marc_Spector_39.jpg/220px-Marc_Spector_39.jpg
Moonstone,https://static.wikia.nocookie.net/marvel_dc/images/8/89/Lord_Moonstone_001.jpg/revision/latest/scale-to-width-down/350?cb=20130729180955
Morlun,https://upload.wikimedia.org/wikipedia/en/thumb/9/94/Morlun.jpg/220px-Morlun.jpg
Moses Magnum,https://upload.wikimedia.org/wikipedia/en/thumb/2/2b/Jason_Philip_Macendale%2C_Jr..png/220px-Jason_Philip_Macendale%2C_Jr..png
Multiple Man,https://upload.wikimedia.org/wikipedia/en/thumb/7/70/MultipleMan01.jpg/250px-MultipleMan01.jpg
Mysterio,https://upload.wikimedia.org/wikipedia/en/thumb/4/45/Mysterio.png/220px-Mysterio.png
Namor,https://upload.wikimedia.org/wikipedia/en/thumb/f/f7/NAMOR1cover-CMYKcrop.jpg/220px-NAMOR1cover-CMYKcrop.jpg
Namora,https://upload.wikimedia.org/wikipedia/en/2/23/Namora.png
Namorita,https://upload.wikimedia.org/wikipedia/en/thumb/0/05/Namoritanewwarriors.jpg/220px-Namoritanewwarriors.jpg
Naruto Uzumaki,https://upload.wikimedia.org/wikipedia/en/thumb/9/9a/NarutoUzumaki.png/260px-NarutoUzumaki.png
Nathan Petrelli,https://upload.wikimedia.org/wikipedia/en/thumb/7/70/Heroes_logo.png/220px-Heroes_logo.png
Negasonic Teenage Warhead,https://upload.wikimedia.org/wikipedia/en/thumb/e/ef/Negasonic.jpg/200px-Negasonic.jpg
Nick Fury,https://upload.wikimedia.org/wikipedia/en/thumb/1/1f/Nickfuryshield.jpg/220px-Nickfuryshield.jpg
Nightwing,https://upload.wikimedia.org/wikipedia/en/thumb/4/41/Nightwing_Infobox.jpg/220px-Nightwing_Infobox.jpg
Niki Sanders,https://upload.wikimedia.org/wikipedia/en/thumb/a/a7/Niki_Sanders.jpg/200px-Niki_Sanders.jpg
Nova,https://static.wikia.nocookie.net/marvel_dc/images/e/ee/Nova_Earth-One_0001.jpg/revision/latest/scale-to-width-down/350?cb=20240114151942
Odin,https://static.wikia.nocookie.net/marvel_dc/images/8/85/Odin.jpg/revision/latest/scale-to-width-down/350?cb=20131113015753
Offspring,https://static.wikia.nocookie.net/marvel_dc/images/8/86/Luke_O%27Brian_Prime_002.jpg/revision/latest/scale-to-width-down/253?cb=20190903032652
One Punch Man,https://upload.wikimedia.org/wikipedia/en/thumb/c/c3/OnePunchMan_manga_cover.png/220px-OnePunchMan_manga_cover.png
Onslaught,https://static.wikia.nocookie.net/marvel_dc/images/f/f3/Onslaught_Dakotaverse.png/revision/latest/scale-to-width-down/185?cb=20110208144437
Oracle,https://static.wikia.nocookie.net/marvel_dc/images/6/61/Barbara_Gordon_Prime_Earth_12.png/revision/latest/scale-to-width-down/350?cb=20231214042613
Orion,https://static.wikia.nocookie.net/marvel_dc/images/9/91/Orion_Prime_Earth_0001.jpg/revision/latest/scale-to-width-down/325?cb=20141111145701
Osiris,https://upload.wikimedia.org/wikipedia/commons/thumb/c/cc/Standing_Osiris_edit1.svg/220px-Standing_Osiris_edit1.svg.png
Ozymandias,https://upload.wikimedia.org/wikipedia/commons/thumb/7/77/Ozymandias_The_Examiner_1818.jpg/220px-Ozymandias_The_Examiner_1818.jpg
Parademon,https://static.wikia.nocookie.net/marvel_dc/images/c/c4/Parademon_Secret_Six.png/revision/latest?cb=20110517182752
Peek-a-Boo,https://static.wikia.nocookie.net/marvel_dc/images/3/39/Lashawn_Baez_Prime_Earth_0001.jpg/revision/latest?cb=20200920005917
Penguin,https://upload.wikimedia.org/wikipedia/commons/thumb/0/0b/Penguins_collage.png/260px-Penguins_collage.png
Phantom,https://static.wikia.nocookie.net/marvel_dc/images/2/2b/The_Phantom_Vol_1_1.jpg/revision/latest/scale-to-width-down/321?cb=20100630000740
Phantom Girl,https://upload.wikimedia.org/wikipedia/en/2/28/Apparition_%28comics%29.png
Phoenix,https://static.wikia.nocookie.net/marvel_dc/images/3/3f/Phoenix_Arizona_001.jpg/revision/latest/scale-to-width-down/350?cb=20130331100905
Plantman,https://upload.wikimedia.org/wikipedia/en/thumb/5/55/Plant_man.jpg/200px-Plant_man.jpg
Plastic Man,https://upload.wikimedia.org/wikipedia/commons/thumb/3/38/PoliceComicNo15.jpg/220px-PoliceComicNo15.jpg
Plastique,https://static.wikia.nocookie.net/marvel_dc/images/1/1e/Plastique_PE_01.jpg/revision/latest/scale-to-width-down/350?cb=20131123050123
Poison Ivy,https://upload.wikimedia.org/wikipedia/commons/thumb/9/9d/2014-10-29_13_43_39_Poison_Ivy_foliage_during_autumn_leaf_coloration_in_Ewing%2C_New_Jersey.JPG/220px-2014-10-29_13_43_39_Poison_Ivy_foliage_during_autumn_leaf_coloration_in_Ewing%2C_New_Jersey.JPG
Polaris,https://upload.wikimedia.org/wikipedia/commons/thumb/d/da/Ursa_Minor_constellation_map.svg/250px-Ursa_Minor_constellation_map.svg.png
Power Girl,https://upload.wikimedia.org/wikipedia/en/c/ce/Power_Girl.png
Predator,https://static.wikia.nocookie.net/marvel_dc/images/2/2d/Predator_%28New_Earth%29_005.png/revision/latest/scale-to-width-down/350?cb=20140310172030
Professor X,https://upload.wikimedia.org/wikipedia/en/thumb/0/00/Professor_Charles_%27X%27_Xavier.png/220px-Professor_Charles_%27X%27_Xavier.png
Professor Zoom,https://upload.wikimedia.org/wikipedia/en/thumb/8/8e/Reverse-Flash_%28Eobard_Thawne%29.png/220px-Reverse-Flash_%28Eobard_Thawne%29.png
Psylocke,https://upload.wikimedia.org/wikipedia/en/thumb/7/73/Excalibur_%28Vol._4%29%2C_No._19_%28Textless_Variant%29.jpg/220px-Excalibur_%28Vol._4%29%2C_No._19_%28Textless_Variant%29.jpg
Punisher,https://upload.wikimedia.org/wikipedia/en/thumb/4/40/Punisher-FrankCastle1.jpg/220px-Punisher-FrankCastle1.jpg
Purple Man,https://upload.wikimedia.org/wikipedia/en/thumb/e/e7/Purple_Man.jpg/220px-Purple_Man.jpg
Pyro,https://static.wikia.nocookie.net/marvel_dc/images/1/11/Pyro_%28New_Earth%29_001.jpg/revision/latest?cb=20090519010933
Q,https://upload.wikimedia.org/wikipedia/commons/thumb/9/91/Proto-semiticQ-01.svg/20px-Proto-semiticQ-01.svg.png
Quantum,https://static.wikia.nocookie.net/marvel_dc/images/a/ac/Phillip_Crane.png/revision/latest/scale-to-width-down/186?cb=20110210223837
Queen Hippolyta,https://upload.wikimedia.org/wikipedia/commons/thumb/9/91/Hippolyte.jpg/220px-Hippolyte.jpg
Question,https://static.wikia.nocookie.net/marvel_dc/images/b/bc/Victor_Sage_The_Question_%28Prime_Earth%29_0001.png/revision/latest/scale-to-width-down/326?cb=20231224060842
Quicksilver,https://static.wikia.nocookie.net/marvel_dc/images/d/d5/Max_Mercury_Prime_Earth_0005.png/revision/latest/scale-to-width-down/350?cb=20231012185121
Ra's Al Ghul,https://upload.wikimedia.org/wikipedia/en/thumb/f/f7/Ra%27s_al_Ghul.png/220px-Ra%27s_al_Ghul.png
Raphael,https://upload.wikimedia.org/wikipedia/commons/thumb/f/f6/Raffaello_Sanzio.jpg/220px-Raffaello_Sanzio.jpg
Raven,https://static.wikia.nocookie.net/marvel_dc/images/2/24/Tales_of_the_Titans_Vol_1_2_Textless.jpg/revision/latest/scale-to-width-down/329?cb=20230817142821
Ray,https://static.wikia.nocookie.net/marvel_dc/images/4/46/Justice_League_of_America_The_Ray_Rebirth_Vol_1_1_Textless.jpg/revision/latest/scale-to-width-down/329?cb=20161018002414
Reactron,https://upload.wikimedia.org/wikipedia/en/thumb/0/05/Reactron%2C_the_DC_Comics_supervillain.jpg/200px-Reactron%2C_the_DC_Comics_supervillain.jpg
Red Arrow,https://static.wikia.nocookie.net/marvel_dc/images/8/84/Teen_Titans_Vol_6_30_Textless_Variant.jpg/revision/latest/scale-to-width-down/332?cb=20200801121036
Red Hood,https://upload.wikimedia.org/wikipedia/en/thumb/8/85/RedHood-2016.jpg/220px-RedHood-2016.jpg
Red Robin,https://upload.wikimedia.org/wikipedia/commons/thumb/8/8f/Red_Robin_logo.svg/220px-Red_Robin_logo.svg.png
Red Skull,https://upload.wikimedia.org/wikipedia/en/thumb/e/ec/Red_Skull_%28Johann_Schmidt%29.png/220px-Red_Skull_%28Johann_Schmidt%29.png
Red Tornado,https://upload.wikimedia.org/wikipedia/en/thumb/7/70/Red_Tornado_%28Ed_Benes%27s_art%29.png/220px-Red_Tornado_%28Ed_Benes%27s_art%29.png
Rhino,https://upload.wikimedia.org/wikipedia/commons/thumb/b/b7/Rhino_collage.png/260px-Rhino_collage.png
Rick Flag,https://upload.wikimedia.org/wikipedia/en/thumb/c/c0/Rick_Flag_Modern_01.jpg/200px-Rick_Flag_Modern_01.jpg
Riddler,https://upload.wikimedia.org/wikipedia/en/thumb/6/68/Riddler.png/220px-Riddler.png
Rip Hunter,https://upload.wikimedia.org/wikipedia/en/thumb/4/44/Rip_Hunter.png/220px-Rip_Hunter.png
Robin,https://static.wikia.nocookie.net/marvel_dc/images/6/61/Teen_Titans_Rebirth_Vol_1_1_Textless.jpg/revision/latest/scale-to-width-down/329?cb=20160518052637
Robin II,https://static.wikia.nocookie.net/marvel_dc/images/1/13/Red_Hood_Outlaw_Vol_1_51_Textless_Variant.jpg/revision/latest/scale-to-width-down/329?cb=20201125000652
Robin III,https://upload.wikimedia.org/wikipedia/en/thumb/7/7f/Robin_%28Tim_Drake%29.png/220px-Robin_%28Tim_Drake%29.png
Rocket Raccoon,https://upload.wikimedia.org/wikipedia/en/thumb/1/1b/Rocketraccoon.png/225px-Rocketraccoon.png
Rogue,https://static.wikia.nocookie.net/marvel_dc/images/3/35/Elu_01.jpg/revision/latest/scale-to-width-down/279?cb=20090215173802
Rorschach,https://static.wikia.nocookie.net/marvel_dc/images/f/fe/Reggie_Long_Watchmen_0001.jpg/revision/latest/scale-to-width-down/350?cb=20180102061837
Sandman,https://static.wikia.nocookie.net/marvel_dc/images/6/60/Wesley_Dodds_The_Sandman_Vol_1_1_Textless.jpg/revision/latest/scale-to-width-down/329?cb=20231010222022
Sasquatch,https://upload.wikimedia.org/wikipedia/commons/thumb/8/81/Patterson_Gimlin_Bigfoot.jpg/230px-Patterson_Gimlin_Bigfoot.jpg
Sauron,https://upload.wikimedia.org/wikipedia/en/thumb/f/f8/Sauron_Tolkien_illustration.jpg/220px-Sauron_Tolkien_illustration.jpg
Savage Dragon,https://upload.wikimedia.org/wikipedia/en/thumb/9/9c/TheSavageDragonMini1.jpg/220px-TheSavageDragonMini1.jpg
Scarecrow,https://static.wikia.nocookie.net/marvel_dc/images/3/31/Detective_Comics_Vol_1_1057_Textless.jpg/revision/latest/scale-to-width-down/329?cb=20220315154933
Scarlet Spider,https://upload.wikimedia.org/wikipedia/en/thumb/8/8a/Scarlet_Spider_combined.jpg/220px-Scarlet_Spider_combined.jpg
Scarlet Witch,https://upload.wikimedia.org/wikipedia/en/thumb/7/73/ScarletWitch.jpg/220px-ScarletWitch.jpg
Scorpia,https://static.wikia.nocookie.net/marvel_dc/images/1/15/Scorpia_01.png/revision/latest?cb=20110509164217
Scorpion,https://upload.wikimedia.org/wikipedia/commons/thumb/f/fe/Scorpion_Photograph_By_Shantanu_Kuveskar.jpg/220px-Scorpion_Photograph_By_Shantanu_Kuveskar.jpg
Shadow King,https://upload.wikimedia.org/wikipedia/en/thumb/e/e8/Shadow_King.png/220px-Shadow_King.png
Shadow Lass,https://upload.wikimedia.org/wikipedia/en/thumb/7/7e/Shadow_Lass.jpg/220px-Shadow_Lass.jpg
Shadowcat,https://upload.wikimedia.org/wikipedia/en/thumb/3/3c/Kitty_Pryde_%28Marvel_Comics_character%29.png/220px-Kitty_Pryde_%28Marvel_Comics_character%29.png
Shang-Chi,https://upload.wikimedia.org/wikipedia/en/thumb/6/62/Shang-Chi_Vol_1_%2C1.jpg/220px-Shang-Chi_Vol_1_%2C1.jpg
Shatterstar,https://upload.wikimedia.org/wikipedia/en/thumb/b/be/Shatterstar.png/220px-Shatterstar.png
She-Hulk,https://upload.wikimedia.org/wikipedia/en/thumb/1/16/She-Hulk_%28Modern_Comic_Book_Version%29.png/220px-She-Hulk_%28Modern_Comic_Book_Version%29.png
She-Thing,https://upload.wikimedia.org/wikipedia/en/thumb/3/38/Msmarvel2.jpg/250px-Msmarvel2.jpg
Shriek,https://static.wikia.nocookie.net/marvel_dc/images/4/43/Shriek.jpg/revision/latest/scale-to-width-down/350?cb=20100330034400
Sif,https://static.wikia.nocookie.net/marvel_dc/images/a/a1/Sif_01.png/revision/latest?cb=20110504072621
Silk,https://upload.wikimedia.org/wikipedia/commons/thumb/e/e0/Silk_%28Chinese_characters%29.svg/50px-Silk_%28Chinese_characters%29.svg.png
Silk Spectre,https://upload.wikimedia.org/wikipedia/en/9/9d/Silk_Spectre_%28Sally_%27Jupiter%27_Juspeczyk%29.png
Silk Spectre II,https://static.wikia.nocookie.net/marvel_dc/images/3/3b/Laurel_Juspeczyk_Watchmen_001.png/revision/latest/scale-to-width-down/350?cb=20210107133701
Silver Surfer,https://upload.wikimedia.org/wikipedia/en/thumb/9/92/Silver_Surfer.jpg/220px-Silver_Surfer.jpg
Silverclaw,https://upload.wikimedia.org/wikipedia/en/thumb/1/19/Silverclaw.jpeg/220px-Silverclaw.jpeg
Simon Baz,https://upload.wikimedia.org/wikipedia/en/thumb/4/41/Simon_Baz_with_gun.jpg/220px-Simon_Baz_with_gun.jpg
Sinestro,https://upload.wikimedia.org/wikipedia/en/thumb/e/e1/Sinestro_%28circa_2011%29.png/220px-Sinestro_%28circa_2011%29.png
Siren,https://static.wikia.nocookie.net/marvel_dc/images/f/f2/Hila_Prime_Earth_003.jpg/revision/latest/scale-to-width-down/350?cb=20230226135432
Siryn,https://upload.wikimedia.org/wikipedia/en/thumb/7/70/X_FACT_COV005_400.jpg/250px-X_FACT_COV005_400.jpg
Sobek,https://upload.wikimedia.org/wikipedia/commons/thumb/f/f1/Sobek.svg/220px-Sobek.svg.png
Solomon Grundy,https://static.wikia.nocookie.net/marvel_dc/images/7/73/Arkham_City_The_Order_of_the_World_Vol_1_3_Textless_Variant.jpg/revision/latest/scale-to-width-down/329?cb=20211207233316
Songbird,https://upload.wikimedia.org/wikipedia/commons/thumb/4/45/Eopsaltria_australis_-_Mogo_Campground.jpg/220px-Eopsaltria_australis_-_Mogo_Campground.jpg
Space Ghost,https://upload.wikimedia.org/wikipedia/en/thumb/d/df/Space_Ghost.png/175px-Space_Ghost.png
Spectre,https://static.wikia.nocookie.net/marvel_dc/images/0/04/Spectre_Prime_Earth_005.jpg/revision/latest/scale-to-width-down/350?cb=20220216002734
Speedy,https://static.wikia.nocookie.net/marvel_dc/images/1/15/Mia_Dearden_Prime_Earth_002.jpg/revision/latest/scale-to-width-down/350?cb=20240326153520
Spider-Girl,https://static.wikia.nocookie.net/marvel_dc/images/1/10/Spider-Girl_002.png/revision/latest/scale-to-width-down/252?cb=20111014074306
Spider-Gwen,https://upload.wikimedia.org/wikipedia/en/thumb/4/42/Spider-Gwen_Vol_1_1.jpg/220px-Spider-Gwen_Vol_1_1.jpg
Spider-Man,https://upload.wikimedia.org/wikipedia/en/2/21/Web_of_Spider-Man_Vol_1_129-1.png
Spider-Woman,https://upload.wikimedia.org/wikipedia/en/thumb/3/33/Spider-Women_%28Spiderverse%29.jpg/220px-Spider-Women_%28Spiderverse%29.jpg
Spock,https://upload.wikimedia.org/wikipedia/commons/thumb/f/fa/Leonard_Nimoy_as_Spock_1967.jpg/220px-Leonard_Nimoy_as_Spock_1967.jpg
Spyke,https://upload.wikimedia.org/wikipedia/en/thumb/2/21/Spyke.jpg/220px-Spyke.jpg
Star-Lord,https://upload.wikimedia.org/wikipedia/en/thumb/1/15/ST1.PNG/220px-ST1.PNG
Stardust,https://static.wikia.nocookie.net/marvel_dc/images/5/52/Stardust_Wayne_Family_Adventures_001.png/revision/latest/scale-to-width-down/136?cb=20230120022432
Starfire,https://static.wikia.nocookie.net/marvel_dc/images/7/7a/Tales_of_the_Titans_Vol_1_1_Textless.jpg/revision/latest/scale-to-width-down/329?cb=20230817142619
Stargirl,https://static.wikia.nocookie.net/marvel_dc/images/d/d9/Justice_Society_of_America_Vol_4_7_Stargirl_Variant_Textless.jpg/revision/latest/scale-to-width-down/329?cb=20231215142102
Static,https://static.wikia.nocookie.net/marvel_dc/images/f/f5/Static_Shadows_of_Dakota_Vol_1_2_Textless_Alleyne_Variant.jpg/revision/latest/scale-to-width-down/323?cb=20230308155215
Steel,https://static.wikia.nocookie.net/marvel_dc/images/e/ed/John_Henry_Irons_Prime_Earth_003.jpg/revision/latest/scale-to-width-down/350?cb=20231101220942
Steppenwolf,https://static.wikia.nocookie.net/marvel_dc/images/1/17/Steppenwolf_Prime_Earth_0001.png/revision/latest/scale-to-width-down/350?cb=20231216055356
Storm,https://static.wikia.nocookie.net/marvel_dc/images/d/dc/Aquaman_80th_Anniversary_100-Page_Super_Spectacular_Vol_1_1_Textless.jpg/revision/latest/scale-to-width-down/329?cb=20210907004823
Stretch Armstrong,https://upload.wikimedia.org/wikipedia/commons/thumb/0/09/Stretch_Armstrong_toy.jpg/250px-Stretch_Armstrong_toy.jpg
Sunspot,https://static.wikia.nocookie.net/marvel_dc/images/9/92/Sunspot_Vicki_Grant_0001.jpg/revision/latest/scale-to-width-down/185?cb=20190804210045
Superboy,https://upload.wikimedia.org/wikipedia/en/thumb/3/3d/Superboy_v2_61.jpg/220px-Superboy_v2_61.jpg
Superboy-Prime,https://upload.wikimedia.org/wikipedia/en/thumb/6/67/Superboyic6.PNG/250px-Superboyic6.PNG
Supergirl,https://upload.wikimedia.org/wikipedia/en/thumb/9/9d/DC_Supergirls.jpg/220px-DC_Supergirls.jpg
Superman,https://upload.wikimedia.org/wikipedia/en/thumb/3/35/Supermanflying.png/220px-Supermanflying.png
Swamp Thing,https://upload.wikimedia.org/wikipedia/en/thumb/7/72/Swamp_thing_09_1974.jpg/220px-Swamp_thing_09_1974.jpg
Swarm,https://upload.wikimedia.org/wikipedia/en/thumb/6/61/Searchtool.svg/16px-Searchtool.svg.png
T-1000,https://upload.wikimedia.org/wikipedia/en/thumb/4/41/Patrickterminator2.JPG/220px-Patrickterminator2.JPG
T-800,https://upload.wikimedia.org/wikipedia/en/thumb/b/b9/Terminator-2-judgement-day.jpg/220px-Terminator-2-judgement-day.jpg
T-850,https://upload.wikimedia.org/wikipedia/en/thumb/b/b9/Terminator-2-judgement-day.jpg/220px-Terminator-2-judgement-day.jpg
T-X,https://upload.wikimedia.org/wikipedia/en/thumb/3/32/T-X_%28Kristanna_Loken%29.jpg/220px-T-X_%28Kristanna_Loken%29.jpg
Tempest,https://static.wikia.nocookie.net/marvel_dc/images/c/cc/Titans_Vol_3_28_Textless_Variant.jpg/revision/latest/scale-to-width-down/346?cb=20181025172732
Thanos,https://upload.wikimedia.org/wikipedia/en/thumb/c/cd/Thanos_Infinity_4.png/220px-Thanos_Infinity_4.png
The Comedian,https://static.wikia.nocookie.net/marvel_dc/images/2/21/Edward_Blake_Watchmen_0001.png/revision/latest/scale-to-width-down/350?cb=20180125055424
Thing,https://static.wikia.nocookie.net/marvel_dc/images/5/59/Thing_from_40%2C000_A.D._Earth-One_0001.jpg/revision/latest/scale-to-width-down/180?cb=20230906020755
Thor,https://static.wikia.nocookie.net/marvel_dc/images/c/cf/Thor_Prime_Earth_001.jpg/revision/latest/scale-to-width-down/318?cb=20180213101049
Thor Girl,https://upload.wikimedia.org/wikipedia/en/thumb/8/84/Thor_Girl.jpg/220px-Thor_Girl.jpg
Thunderbird III,https://upload.wikimedia.org/wikipedia/en/thumb/2/29/ThunderIII.png/220px-ThunderIII.png
Thundra,https://upload.wikimedia.org/wikipedia/en/thumb/2/22/Hulkrt_cvr.jpg/250px-Hulkrt_cvr.jpg
Tiger Shark,https://upload.wikimedia.org/wikipedia/commons/thumb/3/39/Tiger_shark.jpg/220px-Tiger_shark.jpg
Tigra,https://upload.wikimedia.org/wikipedia/en/thumb/3/37/Tigra4.jpg/250px-Tigra4.jpg
Titan,https://static.wikia.nocookie.net/marvel_dc/images/3/3f/Saturn_and_Titan.jpg/revision/latest/scale-to-width-down/62?cb=20090522022607
Toad,https://upload.wikimedia.org/wikipedia/commons/thumb/3/31/Bombina_bombina_1_%28Marek_Szczepanek%29.jpg/220px-Bombina_bombina_1_%28Marek_Szczepanek%29.jpg
Tommy Clarke,https://upload.wikimedia.org/wikipedia/commons/thumb/9/90/Tommy_Clarke.jpg/220px-Tommy_Clarke.jpg
Toxin,https://static.wikia.nocookie.net/marvel_dc/images/c/c0/Isaac_Fisher.png/revision/latest/scale-to-width-down/185?cb=20110221201537
Trickster,https://static.wikia.nocookie.net/marvel_dc/images/4/4a/The_Flash_Vol_1_763_Textless.jpg/revision/latest/scale-to-width-down/329?cb=20201013161815
Trigon,https://static.wikia.nocookie.net/marvel_dc/images/2/21/Teen_Titans_Vol_4_23.1_Trigon_Textless.jpg/revision/latest/scale-to-width-down/321?cb=20130911193149
Triplicate Girl,https://upload.wikimedia.org/wikipedia/en/thumb/6/63/Triplicate_Girl_LSH3.jpg/200px-Triplicate_Girl_LSH3.jpg
Triton,https://static.wikia.nocookie.net/marvel_dc/images/c/c8/Triton_02.jpg/revision/latest/scale-to-width-down/185?cb=20081214033901
Tyrant,https://static.wikia.nocookie.net/marvel_dc/images/b/b0/Tyrant_Dakotaverse.png/revision/latest/scale-to-width-down/320?cb=20110426210558
Ultragirl,https://static.wikia.nocookie.net/marvel_dc/images/a/ab/Ultragirl_Earth-3_001.png/revision/latest/scale-to-width-down/185?cb=20110109132600
Ultron,https://upload.wikimedia.org/wikipedia/en/thumb/4/4f/Ultron2013.jpg/220px-Ultron2013.jpg
Valkyrie,https://static.wikia.nocookie.net/marvel_dc/images/c/cc/Valkyries_003.jpg/revision/latest/scale-to-width-down/350?cb=20240104223104
Vanisher,https://upload.wikimedia.org/wikipedia/en/thumb/7/79/Xforce69.jpg/220px-Xforce69.jpg
Vegeta,https://upload.wikimedia.org/wikipedia/en/thumb/8/88/Vegeta_Dragon_Ball.jpg/220px-Vegeta_Dragon_Ball.jpg
Venom,https://static.wikia.nocookie.net/marvel_dc/images/c/cf/Bane_0044.jpg/revision/latest/scale-to-width-down/350?cb=20110117185618
Vibe,https://static.wikia.nocookie.net/marvel_dc/images/1/19/Justice_League_of_America%27s_Vibe_Vol_1_1_Textless.jpg/revision/latest/scale-to-width-down/332?cb=20140723205046
Violet Parr,https://upload.wikimedia.org/wikipedia/en/thumb/5/51/Violet_Parr.png/220px-Violet_Parr.png
Vision,https://static.wikia.nocookie.net/marvel_dc/images/2/21/Visionaries_02.jpg/revision/latest?cb=20080525125748
Vixen,https://upload.wikimedia.org/wikipedia/commons/thumb/3/30/Vulpes_vulpes_ssp_fulvus.jpg/220px-Vulpes_vulpes_ssp_fulvus.jpg
Vulture,https://upload.wikimedia.org/wikipedia/commons/thumb/3/33/Gyps_rueppellii_-Nairobi_National_Park%2C_Kenya-8-4c.jpg/220px-Gyps_rueppellii_-Nairobi_National_Park%2C_Kenya-8-4c.jpg
Walrus,https://upload.wikimedia.org/wikipedia/commons/thumb/2/22/Pacific_Walrus_-_Bull_%288247646168%29.jpg/220px-Pacific_Walrus_-_Bull_%288247646168%29.jpg
War Machine,https://upload.wikimedia.org/wikipedia/en/thumb/5/51/War_Machine_%28James_Rhodes%29.jpg/220px-War_Machine_%28James_Rhodes%29.jpg
Warlock,https://static.wikia.nocookie.net/marvel_dc/images/5/5f/Warlock_the_Wizard.png/revision/latest/scale-to-width-down/185?cb=20150123113315
Warp,https://static.wikia.nocookie.net/marvel_dc/images/9/98/Emil_LaSalle_003.jpg/revision/latest?cb=20111118220341
Wasp,https://upload.wikimedia.org/wikipedia/commons/thumb/5/59/Vespula_germanica_Richard_Bartz.jpg/220px-Vespula_germanica_Richard_Bartz.jpg
Weapon XI,https://upload.wikimedia.org/wikipedia/en/thumb/c/ca/Deadpool.png/220px-Deadpool.png
White Canary,https://static.wikia.nocookie.net/marvel_dc/images/b/bb/Sara_Lance_Arrow_0004.jpg/revision/latest/scale-to-width-down/350?cb=20190625235534
Wildfire,https://static.wikia.nocookie.net/marvel_dc/images/2/20/Legion_Lost_Vol_2_4_Textless.jpg/revision/latest/scale-to-width-down/324?cb=20110920020529
Wolfsbane,https://static.wikia.nocookie.net/webtoon/images/c/c6/Wolfsbane.png/revision/latest?cb=20201102031812
Wolverine,https://upload.wikimedia.org/wikipedia/commons/thumb/0/0a/Gulo_gulo_2.jpg/220px-Gulo_gulo_2.jpg
Wonder Girl,https://upload.wikimedia.org/wikipedia/en/thumb/9/91/Wonder_Woman_186_Coverart.jpg/220px-Wonder_Woman_186_Coverart.jpg
Wonder Man,https://upload.wikimedia.org/wikipedia/en/thumb/4/44/Wonder_Man_%28Simon_Williams%29.png/220px-Wonder_Man_%28Simon_Williams%29.png
Wonder Woman,https://upload.wikimedia.org/wikipedia/en/thumb/6/60/Wonder_Woman_%28circa_2020%29.png/220px-Wonder_Woman_%28circa_2020%29.png
X-23,https://upload.wikimedia.org/wikipedia/en/thumb/2/26/X-23_%28Laura_Kinney_-crica_2019%29.jpg/220px-X-23_%28Laura_Kinney_-crica_2019%29.jpg
X-Man,https://upload.wikimedia.org/wikipedia/en/thumb/7/7e/Nate_Grey_%28X-Man%29.png/220px-Nate_Grey_%28X-Man%29.png
Yellowjacket,https://upload.wikimedia.org/wikipedia/commons/thumb/9/93/European_wasp_white_bg.jpg/220px-European_wasp_white_bg.jpg
Yoda,https://upload.wikimedia.org/wikipedia/en/thumb/9/9b/Yoda_Empire_Strikes_Back.png/220px-Yoda_Empire_Strikes_Back.png
Zatanna,https://upload.wikimedia.org/wikipedia/en/thumb/0/00/Zatanna_%28circa_2003%29.png/220px-Zatanna_%28circa_2003%29.png
Zoom,https://static.wikia.nocookie.net/marvel_dc/images/4/4c/Hunter_Zolomon_Prime_Earth_007.jpg/revision/latest/scale-to-width-down/350?cb=20230607091635
